{"episode_rewards": [-0.0008271167066443901, -0.0007064342498779297, -0.0009531974792480469, -0.0007411905191891542, -0.001389465193288517, -0.0015774629538014592, -0.000469207763671875, -0.0007076015747673936, -0.000822410637629583, -0.0013705245115372222, -0.0004879821042011609, -0.0006630665877830085, -0.0007086492094679419, -0.0028262628369624234, -0.0033010445349580236, -0.002196658257863525, -0.0009455680847167969, -0.0009455680847167969, -0.0009697288597083641, -0.0009493827819824219, -0.0009455680847167969, -0.0007555341241598314, -0.001059708723691657, -0.0006921291351318359, -0.0007185057258015966, -0.00157361815852368, -0.0021317089056974597, -0.0008953051317277384, -0.0007073879241943359, -0.0009648317587404662, -0.001023770074555058, -0.0028193957130029203, -0.000999721357812995, -0.002384049020019161, -0.0010695512379999502, -0.0016678811568682918, -0.0008618514366263339, -0.0013410792800145886, -0.0007132497614401577, -0.0013014659257320124, -0.002994248721228803, -0.005876944725999897, -0.0007614994874786311, -0.00034560051582606133, -0.0016994071841883044, -0.0007071495056152344, -0.002195902312102916, -0.005037084450031804, -0.0009510030502385984, -0.0010107767437408138, -0.0015643953784934754, -0.0006987422295010166, -0.0012972977005252383, -0.0009436647433012193, -0.0007296410504957203, -0.0007346062853931217, -0.0007342050120001689, -0.0006014525206975688, -0.0009944291532765373, -0.0010867417328103614, -0.0037264654172466903, -0.0005190534804591455, -0.002172604317693033, -0.0007069110870361328, -0.001062348366451996, -0.0010114321665648698, -0.0009771614395902022, -0.0007150173187255859, -0.0007073879241943359, -0.0014064682496271667, 0.0, -0.000698089599609375, -0.0009381771087646484, 0.0, 1.9929699709118898e-12, -0.0009567376182536053, -0.0007688748648379147, -8.591293041565473e-12, -0.0010891898313039286, -0.0007645647790679949, -0.0015949694035491267, -0.0006341812445973245, -0.004687876668609322, -0.003918325318759713, -0.0006947517395019531, -0.001620508858073819, -0.004686594898962851, -0.005554885168817444, -0.0007028579711914062, -0.0012808755664838905, -0.00035044434958766626, -0.0007273868211253699, -0.0007453511021493065, -0.0007941519618488302, -2.9025605703669743e-12, -0.001075238097904525, -0.0007419296833973072, -0.0032459906517000917, -0.001110813139014139, -0.0005465873725700023], "best_reward": 1.9929699709118898e-12}